
/* BD ligera para realizar tests */

--
-- Estructura de tabla para la tabla `Methionine` ------------------------
--
CREATE TABLE `Methionine` (
  `met_id` int(11) NOT NULL, 
  `met_pos` int(4) NOT NULL,
  `met_ext` int(3) DEFAULT NULL,
  `met_vivo_vitro` varchar(5) DEFAULT NULL,
  `prot_id` varchar(20) NOT NULL,
  `reg_id` int(11) NOT NULL,
  `org_id`int(11) NOT NULL,
  PRIMARY KEY (`met_id`)
  ) ENGINE=InnoDB DEFAULT CHARSET=utf8;

-- 
-- Volcado de datos para la tabla `Regulatory`
--
INSERT INTO `Methionine` (`met_id`, `met_pos`, `met_ext`, `met_vivo_vitro`,
`prot_id`, `reg_id`, `org_id`) 
VALUES 
(1, 115, NULL, 'vitro','P23528', 18,1), -- from Cofilin-1
(2, 351,  NULL, 'both', 'P01009', 4,2), -- from A1AT
(3, 358,  NULL, 'both', 'P01009', 4,2), -- from A1AT
(4, 45,   NULL, 'both', 'P25963', 16,3), -- from iKBa
(5, 123,  NULL, 'both', 'A0A0E1M553', 3,4), -- from HypT
(6, 206,  NULL, 'both', 'A0A0E1M553', 3,4), -- from HypT
(7, 230,  NULL, 'both', 'A0A0E1M553', 3,4), -- from HypT
(8, 46,   NULL, 'both', 'P68135', 18,5), -- from a-Actin
(9, 49,   NULL, 'both', 'P68135', 2,5), -- from a-Actin
(10, 44,  NULL, 'both', 'P10987', 18,6), -- from b-Actin
(11, 47,  NULL, 'both', 'P10987', 2,6), -- from b-Actin
(12, 169, NULL, 'vivo', 'P28348', 13,7), -- from NirA
(13, 406, NULL, 'vitro','Q08209', 18,8), -- from Calcineurin
(14, 281, NULL, 'both', 'Q6PHZ2', 3,10), -- from CaMKII
(15, 285, NULL, 'both', 'Q6PHZ2', 3,10), -- from CaMKII
(16, 538, NULL, 'both', 'P11035', 3,11), -- from NR
(17, 293, NULL, 'both', 'P52901', 3,11), -- from E1a PDH
(18, 80, NULL, 'vitro', 'P00004', 39,12), -- Cytc

(19 , 492 , 10.76 ,  'vivo'  ,  'A0AVT1'  , 1 , 9), 
(20 , 56 , 11.87 ,  'vivo'  ,  'A0AVT1'  , 1 , 9), 
(21 , 2042 , 11.7 ,  'vivo'  ,  'A2RRP1'  , 1 , 9), 
(22 , 2204 , 0.18 ,  'vivo'  ,  'A2RRP1'  , 1 , 9);

--
-- Estructura de tabla para la tabla `Protein` ---------------------------
--
CREATE TABLE `Protein`( 
  `prot_id` varchar(20) NOT NULL,
  `prot_name`varchar(250) DEFAULT NULL,
  `prot_nickname`varchar(250) DEFAULT NULL,
  `gene_name`varchar(250) DEFAULT NULL,
  `prot_seq` text DEFAULT NULL,
  `prot_pdb` varchar(5) DEFAULT NULL, 
  `prot_ptm` varchar(1000) DEFAULT NULL,
  `prot_sub` varchar(1000) DEFAULT NULL,
  `prot_note` varchar(1000) DEFAULT NULL,
  `prot_sp` varchar(25) NOT NULL,
  PRIMARY KEY (`prot_id`)
) ENGINE=InnoDB DEFAULT CHARSET=utf8;

-- 
-- Volcado de datos para la tabla `Proteins`
--
INSERT INTO `Protein` (`prot_id`, `prot_name`,  `prot_nickname`, `gene_name`, `prot_seq`, 
`prot_pdb`, `prot_ptm`, `prot_sub`, `prot_note`, `prot_sp`) 

VALUES 
('P23528', 'Cofilin-1', 'Cofilin','CFL1', "MASGVAVSDGVIKVFNDMKVRKSSTPEEVKKRKKAVLFCLSEDKKNIILEEGKEILVGDVGQTVDDPYATFVKMLPDKDCRYALYDATYETKESKKEDLVFIFWAPESAPLKSKMIYASSKDAIKKKLTGIKHELQANCYEEVKDRCTLAEKLGGSAVISLEGKPL", 
  '4BEX', NULL, "nuclear matrix, nucleus, cytoskeleton, cytoplasm, cell cortex, peripheral membrane protein ruffle membrane, lamellipodium membrane. It should be noted that cellular localization varies throughout development and may be related to phosphorylation levels. Shows diffuse cortical cytoplasm localizatio",
  "Oxidation inhibits its F-actin-binding and depolymerization activity",
   'Homo sapiens'), -- Cofilin-1

('P01009', 'Alpha-1-antitrypsin', 'A1AT','SERPINA1', "EDPQGDAAQKTDTSHHDQDHPTFNKITPNLAEFAFSLYRQLAHQSNSTNIFFSPVSIATAFAMLSLGTKADTHDEILEGLNFNLTEIPEAQIHEGFQELLRTLNQPDSQLQLTTGNGLFLSEGLKLVDKFLEDVKKLYHSEAFTVNFGDTEEAKKQINDYVEKGTQGKIVDLVKELDRDTVFALVNYIFFKGKWERPFEVKDTEEEDFHVDQVTTVKVPMMKRLGMFNIQHCKKLSSWVLLMKYLGNATAIFFLPDEGKLQHLENELTHDIITKFLENEDRRSASLHLPKLSITGTYDLKSVLGQLGITKVFSNGADLSGVTEEAPLKLSKAVHKAVLTIDEKGTEAAGAMFLEAIPMSIPPEVKFNKPFVFLMIEQNTKSPLFMGKVVNPTQK",
  '3CWM', NULL, 'extracellular', "The processed protein start at the position 25 from the precursor. Oxidation causes loss of anti-elactase activity.",
  'Homo sapiens'), -- A1AT

('P25963', 'NF-kappa-B inhibitor alpha', 'IkBa', 'NFKBIA',"MFQAAERPQEWAMEGPRDGLKKERLLDDRHDSGLDSMKDEEYEQMVKELQEIRLEPQEVPRGSEPWKQQLTEDGDSFLHLAIIHEEKALTMEVIRQVKGDLAFLNFQNNLQQTPLHLAVITNQPEIAEALLGAGCDPELRDFRGNTPLHLACEQGCLASVGVLTQSCTTPHLHSILKATNYNGHTCLHLASIHGYLGIVELLVSLGADVNAQEPCNGRTALHLAVDLQNPDLVSLLLKCGADVNRVTYQGYSPYQLTWGRPSTRIQQQLGQLTLENLQMLPESEDEESYDTESEFTEFTEDELPYDDCVFGGQRLTL",
  NULL, NULL, 'nucleus, cytoplasm. Shuttles between nucleus and cytoplasm',
  "Activation in the sense that oxidation leads to gain of inhibitory activity. The oxidized protein is resistant to degradation and the undegradated protein retains the transcriptionf factor  NF-kappa-B into the cytosol. It is possible that the oxidation interfers with the phosphorylation of S32 and S36 ??",
  'Homo sapiens'), -- IkBa 

('A0A0E1M553', 'Hypochlorite-responsive transcription factor', 'HypT', 'hypT',"MDDCGAVLHNIETKWLYDFLTLEKCRNFSQAAVSRNVSQPAFSRRIRALEQAIGVELFNRQVTPLQLSEQGKIFHSQIRHLLQQLESNLAELRGGSDYAQRKIKIAAAHSLSLGLLPSIISQMPPLFTWAIEAIDVDEAVDKLREGQSDCIFSFHDEDLLEAPFDHIRLFESQLFPVCASDEHGEALFNLAQPHFPLLNYSRNSYMGRLINRTLTRHSELSFSTFFVSSMSELLKQVALDGCGIAWLPEYAIQQEIRSGQLVVLNRDELVIPIQAYAYRMNTRMNPVAERFWRELRELEIVLS",
  NULL, NULL, NULL,
  "The activation of this transcription factor requires the simultaneous oxidation of M123, M206 and M230",
  'Escherichia coli'), -- HypT

('P68135', 'alpha-Actin', 'a-Actin', 'ACTA1',"MCDEDETTALVCDNGSGLVKAGFAGDDAPRAVFPSIVGRPRHQGVMVGMGQKDSYVGDEAQSKRGILTLKYPIEHGIITNWDDMEKIWHHTFYNELRVAPEEHPTLLTEAPLNPKANREKMTQIMFETFNVPAMYVAIQAVLSLYASGRTTGIVLDSGDGVTHNVPIYEGYALPHAIMRLDLAGRDLTDYLMKILTERGYSFVTTAEREIVRDIKEKLCYVALDFENEMATAASSSSLEKSYELPDGQVITIGNERFRCPETLFQPSFIGMESAGIHETTYNSIMKCDIDIRKDLYANNVMSGGTTMYPGIADRMQKEITALAPSTMKIKIIAPPERKYSVWIGGSILASLSTFQQMWITKQEYDEAGPSIVHRKCF",
  NULL, NULL, 'cytoskeleton',
  "Sulfoxided G-actin is not competent to polymerize. Although Mical oxidizes both M46 and M49, it is probable that only M46 interfers with the polymerization process (10.1126/science.1211956)",
  'Oryctolagus cuniculus'), -- a-Actin

('P10987', 'Actin-5C', 'b-Actin', 'Act5C',"CDEEVAALVVDNGSGMCKAGFAGDDAPRAVFPSIVGRPRHQGVMVGMGQKDSYVGDEAQSKRGILTLKYPIEHGIVTNWDDMEKIWHHTFYNELRVAPEEHPVLLTEAPLNPKANREKMTQIMFETFNTPAMYVAIQAVLSLYASGRTTGIVLDSGDGVSHTVPIYEGYALPHAILRLDLAGRDLTDYLMKILTERGYSFTTTAEREIVRDIKEKLCYVALDFEQEMATAASSSSLEKSYELPDGQVITIGNERFRCPEALFQPSFLGMEACGIHETTYNSIMKCDVDIRKDLYANTVLSGGTTMYPGIADRMQKEITALAPSTMKIKIIAPPERKYSVWIGGSILASLSTFQQMWISKQEYDESGPSIVHRKCF",
  '2HF3', NULL, 'cytoskeleton',
  "Mical oxidizes actin on its Met 44 and Met 47 residues, althought it is the oxidation of the Met 44 residue through which Mical induces F-actin disassembly (10.1126/science.1211956)",
  'Drosophila melanoganster'), -- b-Actin

('P28348', 'Nitrogen assimilation transcription factor nirA', 'NirA', 'nirA',"MGEKLDPELSSDGPHTKSSSKGQGTSTDNAPASKRRCVSTACIACRRRKSKCDGNLPSCAACSSVYHTTCVYDPNSDHRRKGVYKKDTDTLRTKNSTLLTLIQALLNYEEEDAFDLVRQIRSCDNLEDVAQSLVNQEKKSSGWLSNAVIHEENDIAQTDQFESELAGKMSNLVLDGSRKFIGGTSNLIFLPPGSELNEFKPGLATNGDLEGSVTRWTTVTDDQQLISHLLTMYFSWHYPFFTTLSKELFYRDYSRGVPSQYCSSLLVNTMLALGCHFSSWPGAREDPDNSATAGDHFFKEAKRLILDNDELVNSKLCTVQALALMSVREAGCGREGKGWVYSGMSFRMAFDLGLNLESSSLRDLSEEEIDARRITFWGCFLFDKCWSNYLGRQPQFTTANTSVSAVDILPNEESTLWSPYSDMGPSREYAQPSRTRAVADQISQLCKISGDLVVFFYDLAPKEKPSSKQLELKKLSEIHTRLEAWKKGLPKELEPREGQLPQALLMHMFYQLLLIHLYRPFLKYTKSTSPLPQHVSPRKLCTQAAAAISKLLRLYKRTYGFKQICNIAVYIAHTALTIHLLNLPEKNAQRDVIHGLRHLEEMGESWLCARRTLRILDISASKWQVQLPREAVIVFEQTHARWGSWGPWDQAASPSTTSDSPPSVSSQSVVATTDLSQPVSQSAGNQPANPSMGTSPNLTQPVASQYSSTPSGPVSVSAMRAVQRSFSAQLAHNEARQPEPTYLRPVSTSYGPVPSTQSAQEQWYSPTEAQFRAFTAAHSMPTTSAQSPLTTFDTPENLVEESQDWWSRDVNALQLGAEDWTQNWNNGLPTTSADWRYVDNVPNIPSTSAPDADYKPPQPPPNMARPNQYPTDPVANVNSNQTNMIFPGSFQR",
  NULL, NULL, 'nucleus',
  "When this Met is oxidized (in the absence of nitrate) the inactive protein is retained in the cytoplasm. When nitrate is present, MetO is reduced back to Met and the active protein is located into the nucleus.",
  'Aspergillus nidulans'), -- NirA

('Q08209', 'Serine/threonine-protein phosphatase 2B catalytic subunit alpha isoform', 'Calcineurin', 'PPP3CA',"MSEPKAIDPKLSTTDRVVKAVPFPPSHRLTAKEVFDNDGKPRVDILKAHLMKEGRLEESVALRIITEGASILRQEKNLLDIDAPVTVCGDIHGQFFDLMKLFEVGGSPANTRYLFLGDYVDRGYFSIECVLYLWALKILYPKTLFLLRGNHECRHLTEYFTFKQECKIKYSERVYDACMDAFDCLPLAALMNQQFLCVHGGLSPEINTLDDIRKLDRFKEPPAYGPMCDILWSDPLEDFGNEKTQEHFTHNTVRGCSYFYSYPAVCEFLQHNNLLSILRAHEAQDAGYRMYRKSQTTGFPSLITIFSAPNYLDVYNNKAAVLKYENNVMNIRQFNCSPHPYWLPNFMDVFTWSLPFVGEKVTEMLVNVLNICSDDELGSEEDGFDGATAAARKEVIRNKIRAIGKMARVFSVLREESESVLTLKGLTPTGMLPSGVLSGGKQTLQSATVEAIEADEAIKGFSPQHKITSFEEAKGLDRINERMPPRRDAMPSDANLNSINKALTSETNGTDSNGSNSSNIQ",
  NULL, NULL, 'cell membrane, sarcolemma, nucleus',
  "Calcineurin activation exhibited a loss in cooperativity with respect to calmodulin following Met406 oxidation as shown by a reduction in the Hill slope from 1.88 to 0.86. Maximum phosphatase activity was unaffected by Met oxidation",
  'Homo sapiens'), -- Calcineurin

('Q6PHZ2' , 'Calcium/calmodulin-dependent protein kinase type II subunit delta' , 'CaMKII' , 'Camk2d' , 'MASTTTCTRFTDEYQLFEELGKGAFSVVRRCMKIPTGQEYAAKIINTKKLSARDHQKLEREARICRLLKHPNIVRLHDSISEEGFHYLVFDLVTGGELFEDIVAREYYSEADASHCIQQILESVNHCHLNGIVHRDLKPENLLLASKSKGAAVKLADFGLAIEVQGDQQAWFGFAGTPGYLSPEVLRKDPYGKPVDMWACGVILYILLVGYPPFWDEDQHRLYQQIKAGAYDFPSPEWDTVTPEAKDLINKMLTINPAKRITASEALKHPWICQRSTVASMMHRQETVDCLKKFNARRKLKGAILTTMLATRNFSAAKSLLKKPDGVKESTESSNTTIEDEDVKARKQEIIKVTEQLIEAINNGDFEAYTKICDPGLTAFEPEALGNLVEGMDFHRFYFENALSKSNKPIHTIILNPHVHLVGDDAACIAYIRLTQYMDGSGMPKTMQSEETRVWHRRDGKWQNVHFHRSGSPTVPIKPPCIPNGKENFSGGTSLWQNI',
 '6BAB' , NULL , 'sarcolemma, peripheral membrane protein, sarcoplasmic reticulum membrane' , 'The sulfoxidation activates the kinase in a Ca/CaM fashion. In the 6BAB PDB this Met is labeled as 282' , 
 'Mus musculus'), -- CaMKII

('P11035' , 'Nitrate reductase [NADH] 2' , 'NR' , 'NIA2' , 'MAASVDNRQYARLEPGLNGVVRSYKPPVPGRSDSPKAHQNQTTNQTVFLKPAKVHDDDEDVSSEDENETHNSNAVYYKEMIRKSNAELEPSVLDPRDEYTADSWIERNPSMVRLTGKHPFNSEAPLNRLMHHGFITPVPLHYVRNHGHVPKAQWAEWTVEVTGFVKRPMKFTMDQLVSEFAYREFAATLVCAGNRRKEQNMVKKSKGFNWGSAGVSTSVWRGVPLCDVLRRCGIFSRKGGALNVCFEGSEDLPGGAGTAGSKYGTSIKKEYAMDPSRDIILAYMQNGEYLTPDHGFPVRIIIPGFIGGRMVKWLKRIIVTTKESDNFYHFKDNRVLPSLVDAELADEEGWWYKPEYIINELNINSVITTPCHEEILPINAFTTQRPYTLKGYAYSGGGKKVTRVEVTVDGGETWNVCALDHQEKPNKYGKFWCWCFWSLEVEVLDLLSAKEIAVRAWDETLNTQPEKMIWNLMGMMNNCWFRVKTNVCKPHKGEIGIVFEHPTLPGNESGGWMAKERHLEKSADAPPSLKKSVSTPFMNTTAKMYSMSEVKKHNSADSCWIIVHGHIYDCTRFLMDHPGGSDSILINAGTDCTEEFEAIHSDKAKKMLEDYRIGELITTGYSSDSSSPNNSVHGSSAVFSLLAPIGEATPVRNLALVNPRAKVPVQLVEKTSISHDVRKFRFALPVEDMVLGLPVGKHIFLCATINDKLCLRAYTPSSTVDVVGYFELVVKIYFGGVHPRFPNGGLMSQYLDSLPIGSTLEIKGPLGHVEYLGKGSFTVHGKPKFADKLAMLAGGTGITPVYQIIQAILKDPEDETEMYVIYANRTEEDILLREELDGWAEQYPDRLKVWYVVESAKEGWAYSTGFISEAIMREHIPDGLDGSALAMACGPPPMIQFAVQPNLEKMQYNIKEDFLIF',
 NULL , NULL, 'cytosol, plasma membrane, vacuole' , 'The oxidation inhibits the phosphorylation of the regulatory S534, which would avoid the inactivation of NR' , 
 'Arabidopsis thaliana'), -- NR

('P52901' , 'Pyruvate dehydrogenase E1 component subunit alpha-1, mitochondrial' , 'E1-alpha1 PDH' , 'E1 ALPHA' , 'MALSRLSSRSNIITRPFSAAFSRLISTDTTPITIETSLPFTAHLCDPPSRSVESSSQELLDFFRTMALMRRMEIAADSLYKAKLIRGFCHLYDGQEAVAIGMEAAITKKDAIITAYRDHCIFLGRGGSLHEVFSELMGRQAGCSKGKGGSMHFYKKESSFYGGHGIVGAQVPLGCGIAFAQKYNKEEAVTFALYGDGAANQGQLFEALNISALWDLPAILVCENNHYGMGTAEWRAAKSPSYYKRGDYVPGLKVDGMDAFAVKQACKFAKQHALEKGPIILEMDTYRYHGHSMSDPGSTYRTRDEISGVRQERDPIERIKKLVLSHDLATEKELKDMEKEIRKEVDDAIAKAKDCPMPEPSELFTNVYVKGFGTESFGPDRKEVKASLP',
 NULL , NULL, 'mitochondrion' , 'Oxidation inhibits the phosphorylation of the adjacent phosphorylation site 1, which, in turn, avoid inactivation of PDH (doi.org/10.3389/fpls.2012.00153)' , 
 'Arabidopsis thaliana'), -- E1a PDH

('P00004' , 'Cytochrome c' , 'Cyt c' , 'CYCS' , 'GDVEKGKKIFVQKCAQCHTVEKGGKHKTGPNLHGLFGRKTGQAPGFTYTDANKNKGITWKEETLMEYLENPKKYIPGTKMIFAGIKKKTEREDLIAYLKKATNE' , 
  '1HRC' , NULL , 'mitochondrion intermembrane space' , 'The oxidation of M80 inhibits electron transport but increases the peroxidase activity. It may also influence the subcellular location of the protein (10.1073/pnas.0809279106)' , 
  'Equus caballus'), -- Cyt c

('A0AVT1', 'Ubiquitin-like modifier-activating enzyme 6', NULL, 'UBA6', 'MEGSEPVAAHQGEEASCSSWGTGSTNKNLPIMSTASVEIDDALYSRQRYVLGDTAMQKMAKSHVFLSGMGGLGLEIAKNLVLAGIKAVTIHDTEKCQAWDLGTNFFLSEDDVVNKRNRAEAVLKHIAELNPYVHVTSSSVPFNETTDLSFLDKYQCVVLTEMKLPLQKKINDFCRSQCPPIKFISADVHGIWSRLFCDFGDEFEVLDTTGEEPKEIFISNITQANPGIVTCLENHPHKLETGQFLTFREINGMTGLNGSIQQITVISPFSFSIGDTTELEPYLHGGIAVQVKTPKTVFFESLERQLKHPKCLIVDFSNPEAPLEIHTAMLALDQFQEKYSRKPNVGCQQDSEELLKLATSISETLEEKPDVNADIVHWLSWTAQGFLSPLAAAVGGVASQEVLKAVTGKFSPLCQWLYLEAADIVESLGKPECEEFLPRGDRYDALRACIGDTLCQKLQNLNIFLVGCGAIGCEMLKNFALLGVGTSKEKGMITVTDPDLIEKSNLNRQFLFRPHHIQKPKSYTAADATLKINSQIKIDAHLNKVCPTTETIYNDEFYTKQDVIITALDNVEARRYVDSRCLANLRPLLDSGTMGTKGHTEVIVPHLTESYNSHRDPPEEEIPFCTLKSFPAAIEHTIQWARDKFESSFSHKPSLFNKFWQTYSSAEEVLQKIQSGHSLEGCFQVIKLLSRRPRNWSQCVELARLKFEKYFNHKALQLLHCFPLDIRLKDGSLFWQSPKRPPSPIKFDLNEPLHLSFLQNAAKLYATVYCIPFAEEDLSADALLNILSEVKIQEFKPSNKVVQTDETARKPDHVPISSEDERNAIFQLEKAILSNEATKSDLQMAVLSFEKDDDHNGHIDFITAASNLRAKMYSIEPADRFKTKRIAGKIIPAIATTTATVSGLVALEMIKVTGGYPFEAYKNCFLNLAIPIVVFTETTEVRKTKIRNGISFTIWDRWTVHGKEDFTLLDFINAVKEKYGIEPTMVVQGVKMLYVPVMPGHAKRLKLTMHKLVKPTTEKKYVDLTVSFAPDIDGDEDLPGPPVRYYFSHDTD',
 NULL, NULL, NULL, NULL, 'Homo sapiens'), -- from UBA6
('A2RRP1', 'Neuroblastoma-amplified sequence', NULL,'NBAS', 'MAAPESGPALSPGTAEGEEETILYDLLVNTEWPPETEVQPRGNQKHGASFIITKAIRDRLLFLRQYIWYSPAPFLLPDGLVRLVNKQINWHLVLASNGKLLAAVQDQCVEIRSAKDDFTSIIGKCQVPKDPKPQWRRVAWSYDCTLLAYAESTGTVRVFDLMGSELFVISPASSFIGDLSYAIAGLIFLEYKASAQWSAELLVINYRGELRSYLVSVGTNQSYQESHCFSFSSHYPHGINTAIYHPGHRLLLVGGCETAEVGMSKASSCGLSAWRVLSGSPYYKQVTNGGDGVTAVPKTLGLLRMLSVKFYSRQGQEQDGIFKMSLSPDGMLLAAIHFSGKLSIWAIPSLKQQGEWGQNEQPGYDDLNPDWRLSTEKRKKIKDKESFYPLIDVNWWADSAVTLARCSGALTVSSVKTLKNLLGKSCEWFEPSPQVTATHDGGFLSLECEIKLAPKRSRLETRAGEEDEGEEDSDSDYEISAKARYFGYIKQGLYLVTEMERFAPPRKRPRTITKNYRLVSLRSTTPEELYQRKIESEEYEEALSLAHTYGLDTDLVYQRQWRKSAVNVASIQNYLSKIKKRSWVLHECLERVPENVDAAKELLQYGLKGTDLEALLAIGKGADDGRFTLPGEIDIDSISYEELSPPDEEPAKNKKEKELKKRQELLKLVNFSKLTLEQKELCRCRRKLLTYLDRLATYEEILGVPHASEQRYDAEFFKKFRNQNIVLSARTYAQESNVQALEILFTYHGSDLLPHRLAILSNFPETTSPHEYSVLLPEACFNGDSLMIIPWHEHKHRAKDWCEELACRMVVEPNLQDESEFLYAAQPELLRFRMTQLTVEKVMDWYQTRAEEIEHYARQVDCALSLIRLGMERNIPGLLVLCDNLVTLETLVYEARCDVTLTLKELQQMKDIEKLRLLMNSCSEDKYVTSAYQWMVPFLHRCEKQSPGVANELLKEYLVTLAKGDLKFPLKIFQHSKPDLQQKIIPDQDQLMAIALECIYTCERNDQLCLCYDLLECLPERGYGDKTEATTKLHDMVDQLEQILSVSELLEKHGLEKPISFVKNTQSSSEEARKLMVRLTRHTGRKQPPVSESHWRTLLQDMLTMQQNVYTCLDSDACYEIFTESLLCSSRLENIHLAGQMMHCSACSENPPAGIAHKGKPHYRVSYEKSIDLVLAASREYFNSSTNLTDSCMDLARCCLQLITDRPPAIQEELDLIQAVGCLEEFGVKILPLQVRLCPDRISLIKECISQSPTCYKQSTKLLGLAELLRVAGENPEERRGQVLILLVEQALRFHDYKAASMHCQELMATGYPKSWDVCSQLGQSEGYQDLATRQELMAFALTHCPPSSIELLLAASSSLQTEILYQRVNFQIHHEGGENISASPLTSKAVQEDEVGVPGSNSADLLRWTTATTMKVLSNTTTTTKAVLQAVSDGQWWKKSLTYLRPLQGQKCGGAYQIGTTANEDLEKQGCHPFYESVISNPFVAESEGTYDTYQHVPVESFAEVLLRTGKLAEAKNKGEVFPTTEVLLQLASEALPNDMTLALAYLLALPQVLDANRCFEKQSPSALSLQLAAYYYSLQIYARLAPCFRDKCHPLYRADPKELIKMVTRHVTRHEHEAWPEDLISLTKQLHCYNERLLDFTQAQILQGLRKGVDVQRFTADDQYKRETILGLAETLEESVYSIAISLAQRYSVSRWEVFMTHLEFLFTDSGLSTLEIENRAQDLHLFETLKTDPEAFHQHMVKYIYPTIGGFDHERLQYYFTLLENCGCADLGNCAIKPETHIRLLKKFKVVASGLNYKKLTDENMSPLEALEPVLSSQNILSISKLVPKIPEKDGQMLSPSSLYTIWLQKLFWTGDPHLIKQVPGSSPEWLHAYDVCMKYFDRLHPGDLITVVDAVTFSPKAVTKLSVEARKEMTRKAIKTVKHFIEKPRKRNSEDEAQEAKDSKVTYADTLNHLEKSLAHLETLSHSFILSLKNSEQETLQKYSHLYDLSRSEKEKLHDEAVAICLDGQPLAMIQQLLEVAVGPLDISPKDIVQSAIMKIISALSGGSADLGGPRDPLKVLEGVVAAVHASVDKGEELVSPEDLLEWLRPFCADDAWPVRPRIHVLQILGQSFHLTEEDSKLLVFFRTEAILKASWPQRQVDIADIENEENRYCLFMELLESSHHEAEFQHLVLLLQAWPPMKSEYVITNNPWVRLATVMLTRCTMENKEGLGNEVLKMCRSLYNTKQMLPAEGVKELCLLLLNQSLLLPSLKLLLESRDEHLHEMALEQITAVTTVNDSNCDQELLSLLLDAKLLVKCVSTPFYPRIVDHLLASLQQGRWDAEELGRHLREAGHEAEAGSLLLAVRGTHQAFRTFSTALRAAQHWV',
 NULL, NULL, NULL, NULL, 'Homo sapiens'); -- from NBAS

--
-- Estructura de tabla para la tabla `Regulatory`--------------------------------
--
CREATE TABLE `Regulatory`( 
  `reg_id` int(11) NOT NULL, 
  `unknown` tinyint(1) NOT NULL,
  `act_gain` tinyint(1) NOT NULL, 
  `act_loss` tinyint(1) NOT NULL, 
  `ppi_gain` tinyint(1) NOT NULL, 
  `ppi_loss` tinyint(1) NOT NULL,
  `stability`tinyint(1) NOT NULL,
  `relocation`tinyint(1) NOT NULL,
  PRIMARY KEY (`reg_id`)
) ENGINE=InnoDB DEFAULT CHARSET=utf8;

-- 
-- Volcado de datos para la tabla `Regulatory`
--
INSERT INTO `Regulatory` (`reg_id`, `unknown`, 
  `act_gain`, `act_loss`, `ppi_gain`, `ppi_loss`, `stability`, `relocation`) 
VALUES 
(1,1,0,0,0,0,0,0),
(2,0,0,0,0,0,0,0),

(3,0,  1,0,0,0,0,0),
(4,0,  0,1,0,0,0,0),
(5,0,  0,0,1,0,0,0),
(6,0,  0,0,0,1,0,0),
(7,0,  0,0,0,0,1,0),
(8,0,  0,0,0,0,0,1),

(9,0,  0,0,0,1,0,1),
(10,0, 0,0,0,1,1,0),
(11,0, 0,0,1,0,0,1),
(12,0, 0,0,1,0,1,0),
(13,0, 0,1,0,0,0,1),
(14,0, 0,1,0,0,1,0),
(15,0, 1,0,0,0,0,1),
(16,0, 1,0,0,0,1,0),
(17,0, 0,0,1,1,0,0),
(18,0, 0,1,0,1,0,0),
(19,0, 0,1,1,0,0,0),
(20,0, 1,0,0,1,0,0),
(21,0, 1,0,1,0,0,0),
(22,0, 1,1,0,0,0,0),
(23,0, 0,0,0,0,1,1),

(24,0, 0,0,0,1,1,1),
(25,0, 0,0,1,0,1,1),
(26,0, 0,1,0,0,1,1),
(27,0, 1,0,0,0,1,1),
(28,0, 0,0,1,1,0,1),
(29,0, 0,0,1,1,1,0),
(30,0, 1,1,1,0,0,0),
(31,0, 0,1,0,1,0,1),
(32,0, 0,1,0,1,1,0),
(33,0, 0,1,1,0,0,1),
(34,0, 0,1,1,0,1,0),
(35,0, 1,0,0,1,0,1),
(36,0, 1,0,0,1,1,0),
(37,0, 1,0,1,0,0,1),
(38,0, 1,0,1,0,1,0),
(39,0, 1,1,0,0,0,1),
(40,0, 1,1,0,0,1,0),
(41,0, 0,1,1,1,0,0),
(42,0, 1,0,1,1,0,0),
(43,0, 1,1,0,1,0,0),


(44,0, 0,0,1,1,1,1),
(45,0, 0,1,0,1,1,1),
(46,0, 0,1,1,0,1,1),
(47,0, 1,0,0,1,1,1),
(48,0, 1,0,1,0,1,1),
(49,0, 1,1,0,0,1,1),
(50,0, 0,1,1,1,0,1),
(51,0, 0,1,1,1,1,0),
(52,0, 1,0,1,1,0,1),
(53,0, 1,0,1,1,1,0),
(54,0, 1,1,0,1,0,1),
(55,0, 1,1,0,1,1,0),
(56,0, 1,1,1,1,0,0),
(57,0, 1,1,1,0,0,1),
(58,0, 1,1,1,0,1,0),

(59,0, 0,1,1,1,1,1),
(60,0, 1,0,1,1,1,1),
(61,0, 1,1,0,1,1,1),
(62,0, 1,1,1,0,1,1),
(63,0, 1,1,1,1,0,1),
(64,0, 1,1,1,1,1,0),

(65,0, 1,1,1,1,1,1);

--
-- Estructura de tabla para la tabla `Organism` ---------------------------
--
CREATE TABLE `Organism`(
  `org_id`int(11) NOT NULL,
  `org_sp`varchar(50) NOT NULL,
  `org_tissue` varchar(100) DEFAULT NULL,
  `org_oxidant`varchar(1000) DEFAULT NULL,
  PRIMARY KEY (`org_id`)
) ENGINE=InnoDB DEFAULT CHARSET=utf8;

-- 
-- Volcado de datos para la tabla `Organism`
--
INSERT INTO `Organism` (`org_id`, `org_sp`, `org_tissue`, `org_oxidant`)
VALUES 
(1, 'Homo sapiens', NULL, 'taurine chloramine (TnCl)'),
(2, 'Homo sapiens', 'extracellular', 'hydrogen peroxide (H2O2)'),
(3, 'Homo sapiens', 'Jurkat cells', 'taurine chloramine (TnCl)'),
(4, 'Escherichia coli', NULL, 'hypochlorite (HOCl)'),
(5, 'Oryctolagus cuniculus', 'muscle', 'mical-catalyzed'),
(6, 'Drosophila melanogaster', NULL, 'mical-catalyzed'),
(7, 'Aspergillus nidulans', NULL, 'unknown'),
(8, 'Homo sapiens', NULL, 'hydrogen peroxide (H2O2)'),
(9, 'Homo sapiens', 'Jurkat cells', 'hydrogen peroxide (H2O2)'),
(10, 'Mus musculus', 'heart', 'hydrogen peroxide (H2O2), ROS, angiotensin II, ischaemia'),
(11, 'Arabidopsis thaliana', 'leaf', 'hydrogen peroxide (H2O2)'),
(12, 'Equus caballus', NULL, 'hypochlorite (HOCl)');


--
-- Estructura de tabla para la tabla `Taxon` ---------------------------
--
CREATE TABLE `Taxon`(
  `org_sp`varchar(50) NOT NULL,
  `domain`varchar(50) NOT NULL,
  `kingdom` varchar(50) DEFAULT NULL,
  `phylum` varchar(50) DEFAULT NULL,
  `class` varchar(50) DEFAULT NULL,
  `order` varchar(50) DEFAULT NULL,
  `family` varchar(50) DEFAULT NULL,
  `genus` varchar(50) DEFAULT NULL,
  PRIMARY KEY (`org_sp`)
) ENGINE=InnoDB DEFAULT CHARSET=utf8;

-- 
-- Volcado de datos para la tabla `Taxon`
--
INSERT INTO `Taxon` (`org_sp`, `domain`, `kingdom`, `phylum`, `class`, `order`, `family`, `genus`)
VALUES 
('Arabidopsis thaliana', 'Eukaryota', 'Plantae', NULL, 'Magnoliopsida', 'Capparales', 'Brassicaceae', 'Arabidopsis'),
('Aspergillus nidulans', 'Eukaryota', 'Fungi', 'Ascomycota', 'Eurotiomycetes','Eurotiales', 'Trichomaceae', 'Aspergillus'),
('Drosophila melanogaster', 'Eukaryota', 'Animalia', 'Arthropoda', 'Insecta', 'Diptera', 'Drosophilidae', 'Drosophila'),
('Equus caballus', 'Eukaryota', 'Animalia', 'Chordata', 'Mammalia', 'Perissodactyla', 'Equidae', 'Equus'),
('Escherichia coli', 'Bacteria', NULL, 'Proteobacteria', 'Gammaproteobacteria', 'Enterobacteriales', 'Enterobacteriaceae', 'Escherichia'),
('Homo sapiens', 'Eukaryota', 'Animalia', 'Chordata', 'Mammalia', 'Primates', 'Hominidae', 'Homo'),
('Mus musculus', 'Eukaryota', 'Animalia', 'Chordata', 'Mammalia', 'Rodentia', 'Muridae', 'Mus'),
('Oryctolagus cuniculus', 'Eukaryota', 'Animalia', 'Chordata', 'Mammalia', 'Lagomorpha', 'Leporidae', 'Oryctolagus');


--
-- Estructura de tabla para la tabla `DOI` ---------------------------
--
CREATE TABLE `DOI`(
  `doi_id`int(11) PRIMARY KEY,
  `ref` varchar(300) NOT NULL,
  `character` int(2) DEFAULT NULL -- 1 for key references and 0 for the remaining
) ENGINE=InnoDB DEFAULT CHARSET=utf8;

-- 
-- Volcado de datos para la tabla `DOI`
--
INSERT INTO `DOI` (`doi_id`, `ref`, `character`)
VALUES
(1, '10.1016/j.freeradbiomed.2014.07.018', 1),
(2, '10.1074/jbc.M004850200', 1),
(3, '10.1074/jbc.M110832200', 1),
(4, '10.1073/pnas.1300578110/-/DCSupplemen', 1),
(5, '10.1016/j.molcel.2013.06.019', 1),
(6, '10.1038/ncb2871', 1),
(7, '10.1126/science.1211956', 0),
(8, '10.1371/journal.pgen.1005297', 1),
(9, '10.1021/bi702044x', 1),
(10, '10.1016/j.cell.2008.02.048', 1),
(11, '10.1042/BJ20090764', 1),
(12, 'Proteomics Insights 2009:2', 1),
(13, '10.3389/fpls.2012.00153', 0),
(14, '10.1074/jbc.M200709200', 1),
(15, '10.1073/pnas.0809279106', 0),

(16,  '10.1074/mcp.M110.006866' , 1);

--
-- Estructura de tabla para la tabla `Evidence` ---------------------------
--
CREATE TABLE `Evidence`(
  `evi_id`int(11) PRIMARY KEY,
  `met_id` int(11) NOT NULL,
  `doi_id` int(11) NOT NULL 
) ENGINE=InnoDB DEFAULT CHARSET=utf8;

-- 
-- Volcado de datos para la tabla `Evidence`
--
INSERT INTO `Evidence` (`evi_id`, `met_id`, `doi_id`)
VALUES 
(1, 1, 1),
(2, 2, 2),
(3, 3, 2),
(4, 4, 3),
(5, 5, 4),
(6, 6, 4), 
(7, 7, 4),
(8, 8, 5),
(9, 8, 7),
(10, 9, 5),
(11, 9, 7),
(12, 10, 6),
(13, 10, 7),
(14, 11, 6),
(15, 11, 7),
(16, 12, 8),
(17, 13, 9),
(18, 14, 10),
(19, 15, 10), 
(20, 16, 11),
(21, 17, 12),
(22, 17, 13),
(23, 18, 14),
(24, 18, 15),

(25, 19, 16),
(26, 20, 16),
(27, 21, 16),
(28, 22, 16);

--
-- Foreign key
--

ALTER TABLE Methionine
  ADD CONSTRAINT fk_Methionine_Protein
  FOREIGN KEY (prot_id)
  REFERENCES Protein (prot_id)
  ON DELETE CASCADE ON UPDATE CASCADE;

ALTER TABLE Methionine
  ADD CONSTRAINT fk_Methionine_Regulatory
  FOREIGN KEY (reg_id)
  REFERENCES Regulatory (reg_id)
  ON DELETE CASCADE ON UPDATE CASCADE;

ALTER TABLE Methionine
  ADD CONSTRAINT fk_Methionine_Organism
  FOREIGN KEY (org_id)
  REFERENCES Organism (org_id)
  ON DELETE CASCADE ON UPDATE CASCADE;

ALTER TABLE Evidence
  ADD CONSTRAINT fk_Evidence_DOI
  FOREIGN KEY (doi_id)
  REFERENCES DOI (doi_id)
  ON DELETE CASCADE ON UPDATE CASCADE;

ALTER TABLE Evidence
  ADD CONSTRAINT fk_Evidence_Methionine
  FOREIGN KEY (met_id)
  REFERENCES Methionine (met_id)
  ON DELETE CASCADE ON UPDATE CASCADE;

ALTER TABLE Organism
  ADD CONSTRAINT fk_Organism_Taxon
  FOREIGN KEY (org_sp)
  REFERENCES Taxon (org_sp)
  ON DELETE CASCADE ON UPDATE CASCADE;
